Changes made at Thu Nov 20 10:17:08 UTC 2025
Changes made at Thu Nov 20 12:25:23 UTC 2025
Changes made at Thu Nov 20 14:15:36 UTC 2025
Changes made at Thu Nov 20 16:20:13 UTC 2025
Changes made at Fri Nov 21 08:21:40 UTC 2025
Changes made at Fri Nov 21 10:16:24 UTC 2025
Changes made at Fri Nov 21 14:15:12 UTC 2025
Changes made at Fri Nov 21 16:19:22 UTC 2025
Changes made at Sat Nov 22 08:18:45 UTC 2025
Changes made at Sat Nov 22 10:14:39 UTC 2025
Changes made at Sat Nov 22 14:12:41 UTC 2025
Changes made at Sat Nov 22 16:17:08 UTC 2025
